"","Df","SumOfSqs","R2","F","Pr(>F)"
"treatment_group",1,0.0152683607774773,0.330885822009163,3.46159270009649,0.012
"Residual",7,0.0308755346749379,0.669114177990836,NA,NA
"Total",8,0.0461438954524152,1,NA,NA
