feature	metadata	value	coef	stderr	N	N.not.0	pval	qval
PF09907	treatment_group	ApcMUT_HpWT	-2.85265992665086	0.304724370550638	9	5	3.29963061881577e-05	0.215927827695304
