"","Df","SumOfSqs","R2","F","Pr(>F)"
"treatment_group",1,0.0740444070461491,0.335559280331554,3.53517611547496,0.012
"Residual",7,0.146615283763142,0.664440719668444,NA,NA
"Total",8,0.220659690809292,1,NA,NA
