"","Df","SumOfSqs","R2","F","Pr(>F)"
"treatment_group",1,0.0613243883335793,0.369550516228813,4.10318935964195,0.006
"Residual",7,0.104618793019222,0.630449483771186,NA,NA
"Total",8,0.165943181352801,1,NA,NA
