"taxon","wi.eBH","effect","diff.btw"
"Wenyingzhuangia",0.479160861399903,-1.29414488763643,-1.59645658082663
