"","Df","SumOfSqs","R2","F","Pr(>F)"
"treatment_group",1,0.00419058321180672,0.106053825478332,0.830449080164759,0.445
"Residual",7,0.035323156089025,0.893946174521667,NA,NA
"Total",8,0.0395137393008317,1,NA,NA
