"","Df","SumOfSqs","R2","F","Pr(>F)"
"treatment_group",1,0.00369180693737821,0.0996458905722589,0.774718776425815,0.506
"Residual",7,0.03335745737424,0.90035410942774,NA,NA
"Total",8,0.0370492643116182,1,NA,NA
