"","Df","SumOfSqs","R2","F","Pr(>F)"
"treatment_group",1,0.282468810685111,0.231459892526308,2.10817787117196,0.037
"Residual",7,0.937910269258534,0.768540107473691,NA,NA
"Total",8,1.22037907994365,1,NA,NA
