"","Df","SumOfSqs","R2","F","Pr(>F)"
"Model",1,8.4834711576785,0.345956180116085,3.70264680620698,0.029
"Residual",7,16.0383372251979,0.654043819883915,NA,NA
"Total",8,24.5218083828764,1,NA,NA
