"","Df","SumOfSqs","R2","F","Pr(>F)"
"Model",1,0.162728397196879,0.200276552822783,1.7530258425058,0.008
"Residual",7,0.649790067412759,0.799723447177217,NA,NA
"Total",8,0.812518464609639,1,NA,NA
