"","Df","SumOfSqs","R2","F","Pr(>F)"
"treatment_group",1,0.278829066180384,0.26715098811307,2.55176289584739,0.057
"Residual",7,0.764884334057427,0.732849011886929,NA,NA
"Total",8,1.04371340023781,1,NA,NA
