"","Df","SumOfSqs","R2","F","Pr(>F)"
"Model",1,3.70732490069475,0.265057349827996,2.52455269586237,0.05
"Residual",7,10.2795534224325,0.734942650172004,NA,NA
"Total",8,13.9868783231273,1,NA,NA
