"","Df","SumOfSqs","R2","F","Pr(>F)"
"Model",1,0.152783683682445,0.216955329664503,1.93946445865066,0.043
"Residual",7,0.551433557344583,0.783044670335497,NA,NA
"Total",8,0.704217241027028,1,NA,NA
